GEOID,2007,2008,2009,2010,2011,2012,2013,2014,2015,2016,2017,2018,2019, grand_total ,cbsasub,NMDDA_output
22009030700,5198390,10991821.87,6273809.32,23880143.16,27286231.6,5381643.95,10049085.85,1243893.06,559901.22,973063.57,,,," $91,837,983.60 ",,
22103041300,,,,,,1797911.27,3715192.86,608314.11,0,48926.6,,,," $6,170,344.84 ",,
22051025600,,,22131295,-143930.12,20645881.9,19162297.06,-1058660.21,6640684.27,,-79277,,,," $67,298,290.90 ",,
11001005800,,,,,,"$714,863.09 ","$1,179,129.09 ","$27,123,459.03 ","$4,315,183.16 ","$38,184,196.33 ","$21,192,514.02 ","$6,066,654.62 ","$11,945,235.58 "," $110,721,234.92 ",,
24031700904,,,,,,,76903.57,15436265.86,13862948.22,10597472.45,6669849.03,16280461.87,6523184.46," $69,447,085.46 ",,
35043011000,,,,,,4046365.12,6713876.27,6407591.05,6630722.46,7955103.23,5094400.77,6090752.02,4850625.55," $47,789,436.47 ",METRO10740M10740,
22057020100,,10000,33168727,85786341.69,33699420.68,20539453.61,28380267.06,-2518707.51,,6879060.84,0,,," $205,944,563.37 ",,
40131050407,,,,,15101899,9149,37627132,22786875.68,11998626.67,3425351.67,3111460.88,,," $94,060,494.90 ",METRO46140M46140,
51139030200,,,,,131390.67,726962.31,43838908.13,23273590.12,72305626.07,70475020.83,85618755.47,64366534.32,38942878.74," $399,679,666.66 ",NCNTY51139N51139,0
24023000600,0,126475,288362.77,266034.58,412295.86,403959.23,173638.55,532130.63,2641600.81,4259208.17,3990772.13,5947494.58,4611333.75," $23,653,306.06 ",,
29169470287,,,,1817932.83,9377783.66,9524651.46,8144350.24,6518664.18,2641907.29,55395.64,,,," $38,080,685.30 ",,
40109103800,0,22376595,4175416,0,0,,,,,,,,," $26,552,011.00 ",METRO36420M36420,
2170000900,,,,,,,,7954440,3882658,21805209.87,25275826.84,17858153.2,746472.92," $77,522,760.83 ",,
48141002201,,,19650346,6668027,6441521,5582552,263050,0,,,,,," $38,605,496.00 ",METRO21340M21340,
16049940000,,,,,,,,25000,15210231,5992550.36,1077187.81,1232189.54,," $23,537,158.71 ",,
6095252912,0,4332058,382833.23,1048285.33,0,129000,,,,,,,," $5,892,176.56 ",,
11001005800,,"$431,394.00 ","$40,663,695.00 ","$22,782,413.12 ","$5,955,679.79 ","$25,513,592.89 ","$6,184,580.08 ","$1,699,791.61 ","$94,071.74 ","($13,145.00)","$826,673.04 ","$300,000.00 ",," $104,438,746.27 ",,
48439123300,0,12320580.73,3276574.7,6477275.44,2221497.85,-3.3,,,-235267.72,-1479.36,,-20470.27,," $24,038,708.07 ",METRO19100MM2800,
40019892700,,,4387893,49334566.87,4699927.68,3701548,27989,,57962,,,,," $62,209,886.55 ",NCNTY40019N40019,0
26097950300,,5036386.41,4046486.67,5600469.7,7841471.53,5039890.07,4179510.05,4161232.08,26471209.75,1598332.48,416431.44,2119646.06,0," $66,511,066.24 ",,
15001021702,,,,261040.82,18631871.59,32780570.9,8550275.23,2455942,16805785.67,4857008.89,943805,0,," $85,286,300.10 ",,
24023000500,,274235.88,3740786.72,4206166.6,3421111.01,4424706.32,1382809.58,1327467.96,1825989.79,1698132.89,11811.41,,," $22,313,218.16 ",,
12095018400,,,3913080.23,9642685.78,389321,422877,,,,,,,," $14,367,964.01 ",,
22007050300,,,8674738,1059172,9117797.62,10243571.18,-92269.45,75832.27,-18873.76,-58118.97,,,," $29,001,848.89 ",,
6001425104,0,13325200,525293.01,0,1620000,168800.48,0,,,,,,," $15,639,293.49 ",,
37123960100,,,,,11970749.98,2305173.55,5254226.02,9602888.46,7091128.71,106245.9,2163308.7,81384.07,," $38,575,105.39 ",NCNTY37123N37123,0
11001005800,,,,,,,,,"$2,336,448.85 ","$2,659,488.94 ","$3,379,883.67 ","$577,471.86 ","($426,901.09)"," $8,526,392.23 ",,
27053026103,,,,,,,,,,,5099216.59,3035798.9,7720265.97," $15,855,281.46 ",,
11001010600,,,,,,"$997,193.15 ","$16,409,241.45 ","$24,574,406.19 ","$32,670,023.75 ","$12,292,938.77 ","$25,538,083.56 ","$11,957,970.78 ","$7,112,555.35 "," $131,552,413.00 ",,
2170001201,,,,4188790.19,14109517.02,15412493.29,17710880.44,20347303.84,16116625.56,21954077.55,23935233.58,6890454.38,701625," $141,367,000.85 ",,
24031700904,,2500,166170,1153351,1246781.95,383511,194572.13,1532103.87,17415255.01,5898032.37,10334792.42,9852328.68,60406.63," $48,239,805.06 ",,
53059950200,0,18397436.9,21161256.3,36792299.34,1026580.59,,,,,,,,," $77,377,573.13 ",METRO38900M38900,
6019004207,0,16550452,8477699.66,13365898.04,6484941.19,908345.13,307003,-5775,,,,,," $46,088,564.02 ",,
16021970100,,,,,,,,,,7508290,2540399.58,4489099.78,1744894.84," $16,282,684.20 ",,
53033030401,,,12574948.14,5905804.05,18322159.9,6655630.52,8280883.3,5062039.13,6071670.02,1323548.44,-244769.13,,," $63,951,914.37 ",METRO42660MM7600,
16075960300,,,2707641.77,362216.28,1599526.54,13871257.33,780489.17,592531,198526,523513.93,0,,," $20,635,702.02 ",,
11001010600,,,,,,,,,"$1,056,908.80 ","$1,407,299.10 ","$1,802,292.50 ","$1,412,927.16 ","$1,455,315.00 "," $7,134,742.56 ",,
6021010300,,,5540854,1501244.59,-51726.63,,-71065.5,-37211.48,,,7426887,3091635.55,4052205.36," $21,452,822.89 ",,
55029100800,,,,,,,,1883610,165309,6053900,3865431.71,6220436.24,-15090," $18,173,596.95 ",NCNTY55029N55029,0
6067005204,,,,,,,,,,11796012.72,287859.9,-86466.05,," $11,997,406.57 ",,
36065980100,,2901543,19367545,-37298,19256,7882,,-62749.55,,22749.5,,,," $22,218,927.95 ",METRO46540M46540,
12117020201,124939,-1467999,28453263.66,18551175.88,8865827.25,3902382.28,61693.87,4400.68,0,,,,," $58,495,683.62 ",,
4013941100,,,,,6815408,4619075,156543.26,144666.99,,,,,," $11,735,693.25 ",,
6073010015,3366088,10028499,95400,3092623,6688002,7674704.07,14059536.14,401918,0,512220,0,,," $45,918,990.21 ",,
40109107606,,,,,566506.79,,-14688.73,1740473.43,1429773.43,1757654.82,1724449.28,1362521.28,284947.87," $8,851,638.17 ",METRO36420M36420,
12043000300,,,,,13989465.31,5086945.35,9297865.91,7948322.23,-29716.72,59753.54,,,," $36,352,635.62 ",,
21085950400,,,249537,2436220.27,1930008.9,5013839,5170069.04,4256117.76,5278108.04,22207447.58,7067421.14,0,," $53,608,768.73 ",,
22071013900,,,,,,,,9009186,-5693631.52,12317482.39,4882202,2761600,0," $23,276,838.87 ",,
51107610601,,567096,6935469.79,5145540.09,6584015.81,3176812.4,2035660.72,1585225.3,2065205.85,1183576.58,900049.48,,," $30,178,652.02 ",METRO47900M47900,
40031000600,,,,,,0,9406608.65,1134801.01,-339834.73,18722.91,-2373.32,,," $10,217,924.52 ",METRO30020M30020,
1101005101,10000,0,10528320.16,756126.98,7746120.33,5218702.84,3952774.86,19535.13,5592,707281,306029,,," $29,250,482.30 ",,
28099940100,,,,,,,,,5190551.89,42264.93,1715.26,119798.79,0," $5,354,330.87 ",,
37157040300,,,16999601,39081856.3,1829125.51,5999055.8,355850.65,1974659.05,0,0,,,," $66,240,148.31 ",METRO24660N37157,
16055001002,,,3064639.88,10278448.2,9807913.39,17871671.81,10491143.47,19281004.11,19299622.89,8360465.58,385900.59,,," $98,840,809.92 ",,
48201334100,,,,,,,,,,,,,527456.74," $527,456.74 ",METRO26420M26420,
6077003803,,,679775,952576,9136055.78,4743490,1736424,31637,,,,,6102012.15," $23,381,969.93 ",,
21165960200,0,2485315.49,6913456,7675023.59,5974899.86,4687731.82,6182286.45,6970965.8,-61937.28,74880.31,-42560,,0," $40,860,062.04 ",,
36045060600,,34965802,80713,23405968,33936697,884667,39174887,386941,1923674.77,1492789,,,," $136,252,138.77 ",METRO48060M48060,
16079960300,,,,,,,,,1945494.32,8150705.62,23792949.66,0,0," $33,889,149.60 ",,
51095080202,,,,,,,,,,,,,16354762.99," $16,354,762.99 ",METRO47260M47260,
1121010202,0.8,6910301.55,4440079.04,5677135.55,8799110.37,7811746.89,5206286.04,4576843.6,13968.95,,0,,," $43,435,472.79 ",,
48201531600,,22626579,284247.09,5988703.8,15352620.73,1890163.54,-574535.94,163716.85,,,,,," $45,731,495.07 ",METRO26420M26420,
29077003800,,,,,2060244.88,2056872.69,2629303.12,1279648.38,,,-297611.75,-188296.48,," $7,540,160.84 ",,
29211480300,,,610399,4247736.18,396619,1321814.29,22231,,,,,,," $6,598,799.47 ",,
,,,,,9367,,,,25000,25367652.33,9066438.07,4445555.32,0," $38,914,012.72 ",,
56001962700,,,91313,1319257,1757853.5,1878583,100337,3033812.07,0,799788,0,,," $8,980,943.57 ",NCNTY56001N56001,0
51710004900,,,,,,,,,,,8481131,0,," $8,481,131.00 ",METRO47260M47260,
2110000300,,,,,0,,,,,,,,9105.84," $9,105.84 ",,
,,,,,,,,,8224500,20481212,2037579.85,1219177.61,," $31,962,469.46 ",,
,1582943,24665771,14800241.25,21764773.24,11260703.59,13240497.02,7750649.73,5154078,1244329.74,-44365,0,,," $101,419,621.57 ",,
11001010100,,,,,,,,"$1,331,417.93 ","$470,962.60 ","$2,036,539.97 ","$327,175.76 ","($4,923.46)","($1,925.34)"," $4,159,247.46 ",,
47161110200,,,94950,,5000,7898000,29466,,,,,,," $8,027,416.00 ",NCNTY47161N47161,0
,,,,10281218,1495106.4,1468671.97,-4604.59,,,,,,," $13,240,391.78 ",,
51177020304,,,,,,,,,,,,5631966,," $5,631,966.00 ",METRO47900M47900,
28083950600,,0,32089148,19618556.21,573218,474882,,,,,,,," $52,755,804.21 ",,
29207470800,,992870,10381642.97,4863203.99,3538,-8224.79,-29308.84,0,,,,,," $16,203,721.33 ",,
37163970301,,,,,800300.98,419742.61,1143777.59,747081.42,861198.8,448988.99,595401.05,471402.32,-211518.74," $5,276,375.02 ",NCNTY37163N37163,0
48201511100,,,12000,7760466,5729607,654977.12,163590.35,1951036.65,,,,,," $16,271,677.12 ",METRO26420M26420,
16079960300,874400,1640503.75,2356616.09,1721021.08,1033708.8,521907.47,-97125.19,,,,,,," $8,051,032.00 ",,
35039944100,,,,,3807217,2765059.94,2894860,3060443.99,708742.48,6000000,0,,," $19,236,323.41 ",NCNTY35039N35039,0
12019030201,,,,,,,,,,,6825357.44,227318.94,0," $7,052,676.38 ",,
,,,,,,,,,25000,9008367.79,7053461.61,6519700.55,," $22,606,529.95 ",,
,,,,5504108.77,0,0,,,,-41659.1,,,," $5,462,449.67 ",,
24031700904,,,164505,2948168.55,3189011.38,3202076.85,6915170.7,5311191.81,7586550,4287199.34,-1435202.03,-4547.65,," $32,164,123.95 ",,
36103146300,,,0,5125007.19,8323937.94,2454449.14,13375.56,3000,593621.21,-65769.24,0,,," $16,447,621.80 ",METRO35620MM5380,
51810042000,,,,,,,,,,,4931584.54,2194290.98,," $7,125,875.52 ",METRO47260M47260,
28149950500,,3453679.34,2810142.87,7350632.15,13787204.13,-42343.1,,,,,,,," $27,359,315.39 ",,
40143006703,,,,,,,,,,156153.24,533104.53,280492.1,459623.59," $1,429,373.46 ",METRO46140M46140,
17031320400,,,,,,,,,0,,0,,, $-   ,,
,,,5734934.88,15447654.62,9994374.6,6445677.91,5048615.03,-6864.6,-80678.52,0,0,,," $42,583,713.92 ",,
47045964000,,,,,,,,2194870,149699,364964,1413410,2763226.85,22729.95," $6,908,899.80 ",NCNTY47045N47045,0
40071001100,,175560.25,568928.33,117365.56,69340.2,71420.28,73562.88,1796425,1288287,1296249.96,1524669.5,3142457.52,668036," $10,792,302.48 ",NCNTY40071N40071,0
45019003106,,,25000,6002106,2407149,6151602.75,283704,25141,,,,,," $14,894,702.75 ",METRO16700M16700,
,,,,,,,,4299035.31,5949878.68,9875906.87,3684679.71,71125,55066.4," $23,935,691.97 ",,
47045964200,,,16547649.41,7919646.97,-341864,0,,,,,,,," $24,125,432.38 ",NCNTY47045N47045,0
51179010204,,,,,,5000,2047550.38,3102921.49,6888454.48,10970846,3322281.67,,," $26,337,054.02 ",METRO47900M47900,
29095015800,,,7880937,6432450,26724279.25,1207801.42,2061510.25,999939.5,6994442.2,0,-14381.6,,," $52,286,978.02 ",,
29023950201,17110,384134.59,1376933,0,5902175,7209501.11,1282504.94,674473.1,25178.16,,3000,,," $16,875,009.90 ",,
15001021702,,,,,,,,,,1295000,8600266,0,0," $9,895,266.00 ",,
40143003100,,,2624981.51,776586.35,4656479.51,4636684.08,643422.17,3330001.18,374697.09,26570.08,-3506.6,,," $17,065,915.37 ",METRO46140M46140,
39163953000,,,,,,,,43345,89444,196472,1557637.48,613435,308702.5," $2,809,035.98 ",NCNTY39163N39163,0
36103145603,,,,,,,,,10155124.27,0,0,-4750000,-1022960.26," $4,382,164.01 ",METRO35620MM5380,
6107001602,,98655.53,5145014.23,67824,0,3093955.39,197889.5,,,,,,," $8,603,338.65 ",,
72025200600,,,,,,,,,,,,6753715,0," $6,753,715.00 ",METRO41980MM1310,
13175950500,,,,7131722,730210.59,127947.91,0,6456496,1830994.21,585928.24,55232.74,,," $16,918,531.69 ",,
51199050500,631750,4748560,3943151.07,3785880.13,5934529.77,3057002.56,3265815.2,3321680.64,1842299.14,86652.63,,,," $30,617,321.14 ",METRO47260M47260,
18003010821,,,,,,,,121557,3191127.16,1029534.66,1787977.27,415993.5,61161.3," $6,607,350.89 ",,
,,,,,,6120.62,491972.75,619153.39,714424.2,596368.84,341125.07,59478.04,," $2,828,642.91 ",,
51540001000,,196700,1550000,210000,1703533.15,1198307.11,-1174637.45,0,,-809.31,,0,," $3,683,093.50 ",METRO16820M16820,
15001021013,,,,6095156.39,,263114,55492,,,,0,,," $6,413,762.39 ",,
18097354400,,,,,11500,1521242.4,1681935.37,2018253.6,2020395.53,1932583.07,400251.92,,," $9,586,161.89 ",,
11001006202,, $-   , $-   ,"$12,196,174.89 ","$13,617,175.54 ","$25,426,115.53 ","$16,759,868.42 ","$6,123,215.59 ","($18,706.40)",($56.27),"($841,400.13)",,," $73,262,387.17 ",,
21007950100,,,,3462014.19,95320.28,4759483,812638.35,1202957,4773715.35,1625957,583611,,," $17,315,696.17 ",,
35001002900,,,,,,,,,802048.57,2463744.84,5309926.55,748165.66,303972.6," $9,627,858.22 ",METRO10740M10740,
26019000400,653500,5843236.29,5797981.05,5043529.4,0,1288748.2,709896.19,1813912.35,253500,-285746.7,1440800,99250,0," $22,658,606.78 ",,
11001005800,,,,,,,,"$214,271.72 ","$1,100,855.34 ","$891,407.52 ","$787,372.80 ","$469,302.74 ",," $3,463,210.12 ",,
13279970300,,,,0,,,0,0,7831950.08,167654.93,868855,,," $8,868,460.01 ",,
22007050300,,,8674738,1059172,9117797.62,10243571.18,-92269.45,75832.27,-18873.76,-58118.97,,,," $29,001,848.89 ",,
17031980000,,9702956.5,702774,6505977,425007,0,,,,-2914.33,,,," $17,333,800.17 ",,
,,0,0,103086,31768,0,480756,464643,,,,,," $1,080,253.00 ",,
51059481900,,,,,,,,,,384258.47,-5000,2449883.44,14369033.64," $17,198,175.55 ",METRO47900M47900,
6065030104,,,,,,,4618937.89,1762086.26,216645.1,211295.84,0,,," $6,808,965.09 ",,
51029930202,0,2504104.5,4701813.5,4812612.88,5332868.27,5716809.03,2169388.47,-2968.73,-5853.15,,,,," $25,228,774.77 ",METRO16820N51029,
48029181819,,0,350480,86680,,,8030271.75,11792158.15,11353063.78,9282937.53,202721.91,,," $41,098,313.12 ",METRO41700M41700,
53053062000,,,,,,,,,,25000,878756.35,4044851.28,297959.87," $5,246,567.50 ",METRO42660MM8200,
51159040100,,,,,,1006846,1029650,1052601.6,765699.94,1084314.1,0,-0.39,-102186.41," $4,836,924.84 ",NCNTY51159N51159,0
19007950400,,,,,,,,3225600.96,3307860,3392266,,,-49759.73," $9,875,967.23 ",,
42091210600,,,,,,,,-31357,-795581,-400,,-6643,," $(833,981.00)",METRO37980M37980,
11001005002,,"$1,070,644.30 ","$2,657,752.37 ","$4,232,839.02 ","$3,111,498.87 ","$2,181,469.62 ","$2,902,268.82 ","$1,676,476.02 ","$3,148,652.35 ","$334,222.44 ","$203,390.91 ","$1,195,714.00 ","$241,832.85 "," $22,956,761.57 ",,
37075920200,,,,9201295.95,247102.62,,,,,,,,," $9,448,398.57 ",NCNTY37075N37075,0
37017950200,,,,,,703145,1159536,66130,63800,402719,1185681,603553.5,83899.5," $4,268,464.00 ",NCNTY37017N37017,0
12133970103,,,121427.13,2468.4,6869783.16,12036777.78,4326527.02,-40876.83,20140.09,,,,," $23,336,246.75 ",,
20099950100,,,,,9112765,,,,0,,,,," $9,112,765.00 ",,
6073020307,,,,,,,,,,,,8899112,0," $8,899,112.00 ",,
29095016800,,,,,,,,2207681,722831.25,743793.44,766840,,," $4,441,145.69 ",,
39079957400,181098,1076248.5,974708.19,1439449.89,2791650.29,3183085.79,2317243.52,1075884.96,1801797.74,-46102,-46987.48,,-424217.71," $14,323,859.69 ",NCNTY39079N39079,0
36045060700,,,7486338,7144399,-5725017,21464,0,,,,,,," $8,927,184.00 ",METRO48060M48060,
47143975100,,8426000,286151,,,,,,,,,,," $8,712,151.00 ",NCNTY47143N47143,0
11001005800,,,,,"$605,494.59 ","$8,095,856.00 ","$1,060,724.35 ","$8,511.31 ","$6,930,030.00 ","$914,119.20 ","($2,090.92)",,," $17,612,644.53 ",,
49035113012,,,,,,,,,,,8647449.56,,," $8,647,449.56 ",METRO41620M41620,
27021960301,,,,,79600,4230.72,1088000,3115961.13,383962,1561082,1395973.7,407823.85,96404," $8,133,037.40 ",,
13185010202,,,,13667846.96,2256086.27,-64434.98,0,14155.54,,,,,," $15,873,653.79 ",,
37047930100,,,,,5000,2535527,4968468.6,2627413.97,233674.42,0,,,," $10,370,083.99 ",NCNTY37047N37047,0
2150000400,,,,,,,,,,,,4168814.47,19447.21," $4,188,261.68 ",,
16035940000,,,,,,9529176,11354561.06,7909399.64,9913264.55,2067056.61,90039.83,,," $40,863,497.69 ",,
13121012300,,,841475.14,3374368.33,4121501.04,2043808.88,2060408.58,1700420.9,562930.51,-224722.47,-25370.27,-5404.3,," $14,449,416.34 ",,
40109103800,108248,303461.28,40524,15282126,7664489,623665,1874127.16,108785,-0.1,,,,," $26,005,425.34 ",METRO36420M36420,
11001005800,,,,,,,"$607,930.00 ","$243,598.75 ","$1,357,915.66 ","$767,715.82 ","$1,212,696.60 ","$1,006,742.28 ","$1,026,852.96 "," $6,223,452.07 ",,
37133000102,,,,,,,,,,,3878000,0,," $3,878,000.00 ",METRO27340M27340,
40109109202,499304,609794.21,661326.31,614613.83,-59115.39,-43529.05,,,,,,,," $2,282,393.91 ",METRO36420M36420,
40027202402,,,,,,,,,3161232,564295,0,,," $3,725,527.00 ",METRO36420M36420,
51059422302,,,,,,1443506.22,1520710.13,1521998.79,1538706.31,1534289.19,0,,-216232.07," $7,342,978.57 ",METRO47900M47900,
37017950200,,,,,,,,,,701000,650873.35,656303.64,-0.02," $2,008,176.97 ",NCNTY37017N37017,0
24031701219,,,,,,,,,,,,4539764.91,24331.73," $4,564,096.64 ",,
30053000300,,,,808325,33121,318450.5,-4477.7,,,,-4812.5,1731740.9,22688.9," $2,905,036.10 ",NCNTY30053N30053,0
6037265202,,,,,1214678.6,1535046,1294248,1498225.57,757278.51,765739.5,,,," $7,065,216.18 ",,
11001005800,,,,,,,,,"$659,836.78 ","$903,718.90 ","$1,755,962.29 ","$1,402,482.08 ","$965,222.40 "," $5,687,222.45 ",,
16079960200,,,,,1445656,587719,269561,,,3136071,377537,0,," $5,816,544.00 ",,
6009000300,,,2094652.27,1597595.2,535125,78694.62,1991362,196699.96,,,-3081.78,,2287602.33," $8,778,649.60 ",,
34027046300,,,1093425.24,433052.13,129254.44,504353.78,796312.54,127471.07,1181.59,-20500,-145875.69,-202056.15,," $2,716,618.95 ",METRO35620MM5640,
15003004000,399840,1099680,1350000,2126739.6,0,,,,,,,,," $4,976,259.60 ",,
4023966000,,,,,,,,,,1935600,1540850.85,816,765940.43," $4,243,207.28 ",,
40123088800,,,-144838.36,,,,,,,,2991,,," $(141,847.36)",NCNTY40123N40123,0
40109108310,,,,,,,,,,3539555.33,113898.96,0,0," $3,653,454.29 ",METRO36420M36420,
4023966000,,6851717.01,17324947.17,2323981.69,4371516.2,54663.53,-256936.9,,0,,,,," $30,669,888.70 ",,
6019004207,,,,1578369.2,-51552.92,-3521.57,0,7539945.24,153044.49,17313,0,,," $9,233,597.44 ",,
24031701211,,,,,,,,,,,,,1545756.03," $1,545,756.03 ",,
29047022100,,,428451,1914968.62,789688.47,935142,48800,,,,,,," $4,117,050.09 ",,
29047022100,,,,552823.62,8638,7976177.6,-2285588.42,,,,,,," $6,252,050.80 ",,
36045060300,,444137.46,6261642.01,704040.82,1237361.32,72677.79,,-541245.71,,,,,," $8,178,613.69 ",METRO48060M48060,
40051000903,,,4004070.33,1091907.14,457216.5,2416.39,362173.7,760042.63,992604,,,,," $7,670,430.69 ",METRO36420N40051,
45013001101,,,4262030,2085819.82,1925958.83,7461064,51335,46594,,,,,," $15,832,801.65 ",METRO25940N45013,
24005492300,779987,8937211.74,8032574.12,14940516.84,5189579.05,-36220.31,75222.55,60574.02,-2141.43,,,,," $37,977,303.58 ",,
1089001402,,,1046539.3,6240004.02,2307830.26,-63112.95,-772.2,,,,,,," $9,530,488.43 ",,
5103950500,,,0,1995008.34,2054768.64,2495902.92,2103416.64,749545.68,513615.75,,,,," $9,912,257.97 ",,
29115490100,,,,,,,,,,,,1281750,-16445," $1,265,305.00 ",,
29047022100,,,,,,,635812,899912.3,806491.05,598049.82,388122.03,-63390.08,," $3,264,997.12 ",,
54087962900,,,5054650,5806758.95,4115127.85,7467623.06,3157504.38,1875080.34,100000,,,,," $27,576,744.58 ",NCNTY54087N54087,0
72105520100,,,,,,,,,,,698065,17931.36,542436.34," $1,258,432.70 ",METRO41980MM7440,
28025950200,,,,,,5966184.34,63553.73,-3055.63,,,,,," $6,026,682.44 ",,
27089080100,,,4645175,2176895,12819444.75,367226,78568.64,0,-854131.3,,,,," $19,233,178.09 ",,
2180000200,,,,,,69440,,,,464795.84,4718.37,5000,2041669," $2,585,623.21 ",,
24019970400,,1428496,162323,960325.44,918697.64,826158.86,906401.62,,,,,,," $5,202,402.56 ",,
32023960100,,,,,,,,,,,,1038643.02,1177638.83," $2,216,281.85 ",NCNTY32023N32023,0
21085950400,,,,,,,,364273.24,2773833.89,78406.41,396418.89,1604990,337568.5," $5,555,490.93 ",,
37141920202,,,,982045.4,1403540.76,1622352.5,1150808.28,1237018,625995.12,452.69,-40598.33,-45346.2,," $6,936,268.22 ",METRO48900N37141,
26163517200,,5091424.44,8516996.25,11786892.97,2233613.17,4731236.34,273710.5,-30593.19,,-13999.07,,,," $32,589,281.41 ",,
40101001600,,,,,,6877,0,477814.37,2446906.89,304721.9,10398.45,,," $3,246,718.61 ",NCNTY40101N40101,0
22053000500,292310,511923.12,2809263.14,-10000,,,,,,,,,," $3,603,496.26 ",,
56013940500,,,,,,,,,,1294823.81,3120168.61,0,0," $4,414,992.42 ",NCNTY56013N56013,0
15003010100,,,10000,5145075.28,1787320.88,1567375,2855982.46,1423879,11726,4209954,1013881,,," $18,025,193.62 ",,
48085030504,,,,,,,,,2088350.02,620105.57,-10097.09,,," $2,698,358.50 ",METRO19100M19100,
51173030200,,,,,,,,991922.4,5903240.8,-29843.1,,,1789515.58," $8,654,835.68 ",NCNTY51173N51173,0
40081961100,,,,,,,,,658245.68,1478298.71,148912.38,0,0," $2,285,456.77 ",METRO36420N40081,
13199970700,,1589374.17,5524947.93,-300444.96,48980.09,81529.53,,,,,,,," $6,944,386.76 ",,
53063014400,,0,,0,10000,164218,351143,302884.99,702312.2,87885.79,,,," $1,618,443.98 ",METRO44060M44060,
16055001400,,,,5815345.77,,,,,,,,,," $5,815,345.77 ",,
38067950400,,72100,215450,664258.84,1783247.57,1615508.37,729178.44,286000,312000,520000,0,0,," $6,197,743.22 ",NCNTY38067N38067,0
40125500900,,,,690795,,415400,389811.9,332511,375530,395793,1331322.66,572811.25,172336," $4,676,310.81 ",NCNTY40125N40125,0
40019893100,,,,,,0,2101048.76,23919,0,152334.16,41731,576744.41,," $2,895,777.33 ",NCNTY40019N40019,0
26165380500,,,,,,,,,9386.88,,280707.55,137717.01,2874395.56," $3,302,207.00 ",,
12045960300,,0,1016182.92,1104728.76,1143601.82,687955.14,0,,,,,,," $3,952,468.64 ",,
2122001000,0,0,2675235,11825645.88,5673441.74,8878319.51,8256128.27,4832.15,-43346.99,0,,5000,-5000," $37,270,255.56 ",,
51059461000,,,,,,,,,,,249717,,," $249,717.00 ",METRO47900M47900,
26095960100,,,,13236,,,,53738.65,,,666715,719897.58,21061.55," $1,474,648.78 ",,
2170001004,,,,,,,,,,,986159.3,21446.66,-13392.99," $994,212.97 ",,
13051000300,,,,,,,2410718,-3737.81,-141304.22,,,,," $2,265,675.97 ",,
51510200900,,,,,,,,,329134.48,301100.69,305319.24,,-0.01," $935,554.40 ",METRO47900M47900,
40131050408,,523824.9,141587,4889100,0,0,0,144451.15,,,,,," $5,698,963.05 ",METRO46140M46140,
51059450601,,,,,,,,,,,,1328126.64,," $1,328,126.64 ",METRO47900M47900,
51510201300,,,,,,,,,,205650,189863,1558205.31,313245," $2,266,963.31 ",METRO47900M47900,
13059001900,,,,2551360.19,288994.18,0,,,,,,,," $2,840,354.37 ",,
37163970302,0,549532.44,2509773.11,908443.1,0,,,,,,,,," $3,967,748.65 ",NCNTY37163N37163,0
2090001400,,6100000,7389591,-103534.3,-742709.45,,,,,,,,," $12,643,347.25 ",,
2170001100,,,,,,,,,,,203055,352649,198655," $754,359.00 ",,
36045061100,-706155,13283986.6,63579,-1000,,,,,,,,,," $12,640,410.60 ",METRO48060M48060,
51089010700,,,2257645.43,273798.36,139204.63,,,,,,,,," $2,670,648.42 ",NCNTY51089N51089,0
34015501105,590444,2955052.91,4428279.53,2451264.08,,,,-4425.54,,,,,," $10,420,614.98 ",METRO37980M37980,
24031700823,61737,15646820.34,5172395.05,220363.17,-395143.71,,-279820.88,-3227.56,0,,,0,," $20,423,123.41 ",,
2170001004,,,,,,3546637,10000,0,,0,108352,427334,29217," $4,121,540.00 ",,
40113940010,,,,1155748,1948340.04,1394581.92,-59711.95,,,,,,," $4,438,958.01 ",METRO46140M46140,
19065080100,,,6293378.76,2517385.23,630703.88,723007.51,-37471.44,-10482.46,,,,,," $10,116,521.48 ",,
1051030600,,737800,2224460.05,5894.91,,,,,,,,,," $2,968,154.96 ",,
2220000200,,,,,,53160,125409,29272,,,334897,97385,11181.98," $651,304.98 ",,
28149950600,,,2106939.81,296528.43,-6928,,,,,,,,," $2,396,540.24 ",,
45015020102,22000,1760118,,,,,,,,,,,," $1,782,118.00 ",METRO16700M16700,
12113010900,,,559034,2147662,0,,,,,,,,," $2,706,696.00 ",,
37163970301,,,,,1070745.72,1514096.61,1334061.27,1963240.12,29190.85,-5375.32,-2922.04,,," $5,903,037.21 ",NCNTY37163N37163,0
37039930602,,,,,,,,,,,527280.8,-220479.16,," $306,801.64 ",NCNTY37039N37039,0
16055000402,,,,46969,1332034.38,819378,666873.75,604117.16,14242.72,33372.68,1063489.1,0,0," $4,580,476.79 ",,
29169470400,,849126,,3299329.87,162696.74,4434.65,,,,,,,," $4,315,587.26 ",,
16055000700,,,,,231000,0,954186,653407.44,198701,,,,," $2,037,294.44 ",,
24023000100,,2783335,3088311.03,1416726.13,268479.69,269237.53,37301.41,,,10008,410157.5,183800,314680," $8,782,036.29 ",,
2090000600,,,4419605,0,0,,,,,,,,," $4,419,605.00 ",,
26121000900,,,,,,,,,,,,,1947851," $1,947,851.00 ",,
23021960700,,,,,,174987.84,177243,177243,180786.6,182686.68,99371.67,,," $992,318.79 ",,
35015001000,115432,354922.16,376685.36,384389.24,392439.08,269698.72,,,,,,,," $1,893,566.56 ",NCNTY35015N35015,0
28139950100,,,2335791,3112243,0,,,,,,,,," $5,448,034.00 ",,
28139950100,,,1787063,76073,0,0,,,,,,,," $1,863,136.00 ",,
28083950600,,656285.57,1170876,0,,,,,,,,,," $1,827,161.57 ",,
42039111800,,348799.4,379038.53,65881.22,236377.37,353644.85,0,,,,,,," $1,383,741.37 ",NCNTY42039N42039,0
53077940001,,,,,0,34019,0,,,,,904500,0," $938,519.00 ",METRO49420M49420,
55013970900,41524.96,417503,1324771,304700,0,,,,,,,,," $2,088,498.96 ",NCNTY55013N55013,0
36089492600,,,,,591552,495022.46,447336.54,248808.6,,,,,," $1,782,719.60 ",NCNTY36089N36089,0
72025200700,,,,,,,,,,,,786842,195000," $981,842.00 ",METRO41980MM1310,
51013101403,,,,,,,,,,1000000,200000,607990.85,199114.4," $2,007,105.25 ",METRO47900M47900,
46081966600,,,,407780,408565.63,230429.48,277746.65,304097.92,107772.64,-7674.36,,,," $1,728,717.96 ",NCNTY46081N46081,0
2150000400,,,,,,,,,,18401332.32,937225.65,-248742.05,0," $19,089,815.92 ",,
12033000800,,,10000,1359616.07,671623.75,546241.24,0,1051270,599487,65991.88,1632290,,," $5,936,519.94 ",,
11001007200,,,,,,,,,"$1,636,584.36 ",,"($25,805.70)",,," $1,610,778.66 ",,
15007040500,,,,,,1856000,1984,-253255.5,,,,,," $1,604,728.50 ",,
40113940010,,,118200,,,592170.38,386385,149232,201750,82660,12300,676800,0," $2,219,497.38 ",METRO46140M46140,
36049950600,4035.3,0,441751.8,455922.34,244561,0,,,,,,,," $1,146,270.44 ",NCNTY36049N36049,0
9009351900,-250,,374028.91,436017.5,1175151.29,387600,,3444,3444,7296,,,," $2,386,731.70 ",,
37047930300,,,,,,,,,,,1563655,0,0," $1,563,655.00 ",NCNTY37047N37047,0
6073005600,,,,,,,,,,,520042,,," $520,042.00 ",,
33009960900,,,,,,,,,,,1087483.39,0,0," $1,087,483.39 ",NCNTY33009N33009,0
2122000700,,,,,,,,,,,1330655,215100.4,0," $1,545,755.40 ",,
40109109003,,,,,,102099.88,621.2,-105472.08,,,,,0," $(2,751.00)",METRO36420M36420,
38017000400,,,,,,,83594,726105.73,287185.31,713041.81,675787.12,73763,69334," $2,628,810.97 ",METRO22020M22020,
6073019002,,,,,,,,,1446000,,0,,," $1,446,000.00 ",,
47123925000,,,,,,,1202461.2,19778420.62,4283856.6,8619680,1257000,0,0," $35,141,418.42 ",NCNTY47123N47123,0
30029000201,,,,,,,,1412597.3,7461.6,,,,461429," $1,881,487.90 ",NCNTY30029N30029,0
26039960300,,760339.48,850560.7,136648.89,327398.45,199727.25,79584.19,178738.35,328510.66,208020.57,394370.98,667195.38,257842.4," $4,388,937.30 ",,
16055000402,,,,46969,1332034.38,819378,666873.75,604117.16,14242.72,33372.68,1063489.1,0,0," $4,580,476.79 ",,
38055961000,,,,1592050.6,2543703.2,3611059.3,1607030.1,2803202.8,3975691.6,3569587.2,352647,969651.9,0," $21,024,623.70 ",NCNTY38055N38055,0
4013941100,2823,843383,260423,227548,134092,,,,,,,,," $1,468,269.00 ",,
16079960200,,,,,,,286344.81,,248469.07,108987,460037.31,194639.36,239627.76," $1,538,105.31 ",,
36103145603,,,,,,1135860,11191,0,73436.59,66498,68314,70624,0," $1,425,923.59 ",METRO35620MM5380,
24031700904,,,,,,,,,157910.3,173701.34,173288.76,175508.72,," $680,409.12 ",,
53063014400,0,5600,342122.9,,,,,,,,,,," $347,722.90 ",METRO44060M44060,
53035940100,,,,,,,,,,25000,0,1152535,," $1,177,535.00 ",METRO14740M14740,
6111002800,,,,,,,,,356858.67,0,259762.94,216737.31,220471.74," $1,053,830.66 ",,
38067950400,,72100,215450,664258.84,1783247.57,1615508.37,729178.44,286000,312000,520000,0,0,," $6,197,743.22 ",NCNTY38067N38067,0
51153901602,,,,,,,,,,,453500,349775,316981.25," $1,120,256.25 ",METRO47900M47900,
24031702500,,,,,,,,,,,542821.53,0,0," $542,821.53 ",,
49035114500,,,,,,,,328229.71,1758004.55,2033002.18,377895.69,,," $4,497,132.13 ",METRO41620M41620,
28157950200,,,1132973,823101,-75022,,,,,,,,," $1,881,052.00 ",,
12005000202,,,188700,949839.71,-72553.31,,,,,,,,," $1,065,986.40 ",,
2122000500,,767250,,333858,1626274.8,453048.13,0,0,,,,,," $3,180,430.93 ",,
39057210100,,,112918.4,230831.92,198569.52,214700.72,205479.48,92594.48,,,,,," $1,055,094.52 ",METRO19380M19380,
53025010100,,,181656,191414.76,193525.83,189047.07,201671.36,96589.1,,,,,," $1,053,904.12 ",NCNTY53025N53025,0
53049950200,,,,,,,,,,,,,1045420.72," $1,045,420.72 ",NCNTY53049N53049,0
18093950700,43706,1264555,1312626,108593.43,107416.59,1265840.74,338184.6,1402926.06,547935.46,-22905.33,,,," $6,368,878.55 ",,
12133970302,,,,4536844.5,2608537.78,0,127940.41,,,39408,,,," $7,312,730.69 ",,
42047950200,0,718516,868480.08,8992.7,-2000,0,0,,,,,,," $1,593,988.78 ",NCNTY42047N42047,0
2185000200,323103,297560.21,139291.73,497971.61,346447.71,,,,,,,,," $1,604,374.26 ",,
24031702500,,83874.45,644910.44,198166.68,379342.75,132333.42,-47231.93,-240.23,0,-67446.11,0,,," $1,323,709.47 ",,
2130000100,,,,,,,,,,,,184613.6,27386.4," $212,000.00 ",,
1089001402,,,,,34797734.68,6173172.29,3366317.34,-171990.03,,0,,,," $44,165,234.28 ",,
51059461602,,,,,,,,,,,,383302.1,261998.05," $645,300.15 ",METRO47900M47900,
51179010204,,,,,,,,231200,229604,103242,111426.8,505815.4,392428.8," $1,573,717.00 ",METRO47900M47900,
34039031200,,,,214678,404590,379297.5,,,219868.75,219730.2,638976.22,0,0," $2,077,140.67 ",METRO35620MM5640,
27021960301,,,1501726.96,1240549.13,,,,,,,,,," $2,742,276.09 ",,
27021960301,,,,,79600,4230.72,1088000,3115961.13,383962,1561082,1395973.7,407823.85,96404," $8,133,037.40 ",,
2170001202,,,,,,,,,,,,0,896547.71," $896,547.71 ",,
38035011400,,,864295.02,23907.51,,,,,,,,,," $888,202.53 ",METRO24220M24220,
12086006601,,,,,,,,,,,,,872783.17," $872,783.17 ",,
27021960801,0,370379,199167,59432,,,-3156.67,,,,,,," $625,821.33 ",,
40087400101,,,,,,,,,,1097788.59,11448.46,,-595433.44," $513,803.61 ",METRO36420M36420,
53015001700,,,,,88460,260413.5,377027.46,0,0,,,,," $725,900.96 ",METRO31020M31020,
8085966601,,21519522,39187,918724,63700.09,108765,,,,,,,," $22,649,898.09 ",,
6085505202,,814099.21,,,,,,,,,,,," $814,099.21 ",,
6059011602,,,,,,,,,,,180291.68,589612.02,238303.88," $1,008,207.58 ",,
13317010301,,,,,,,,,865810.66,238129.99,,,," $1,103,940.65 ",,
13179010206,807976,410188.62,62971.44,221179.02,264379.45,,,,,,,,," $1,766,694.53 ",,
11001010100,"($12,903.00)","$627,970.92 ","$207,402.27 ","$560,870.77 ","$288,523.38 ",,"($84,743.60)",,,"($3,222.61)",,, $-   ," $1,583,898.13 ",,
27021960301,,,1501726.96,1240549.13,,,,,,,,,," $2,742,276.09 ",,
4003001300,,,1133616,42466.68,,,,,,,,,," $1,176,082.68 ",,
16079960200,,,,,,,286344.81,,248469.07,108987,460037.31,194639.36,239627.76," $1,538,105.31 ",,
53057952302,,441586.09,311521.51,299995.92,8630,43748,144098,5868.87,253.13,,,,," $1,255,701.52 ",METRO34580M34580,
48039661000,,,,,,,,,,,,,744379.97," $744,379.97 ",METRO26420MM1145,
5051010300,,,,,,,,,,,,282790,321010," $603,800.00 ",,
27035951302,,58750,902351.3,392739.2,218011.34,0,,221950,297000,0,,157949.56,51658.64," $2,300,410.04 ",,
53071920900,,,,523188.8,195260,,,,,,,,," $718,448.80 ",METRO47460N53071,
2170001100,,,,,,,344503,236862,236862,239067.5,-342365.18,,," $714,929.32 ",,
27089080100,,,1245650,165049.8,-934675.6,,,,1574835,731280.9,192027.67,189880.5,," $3,164,048.27 ",,
5119003303,,,,,,,,,,,,,694572," $694,572.00 ",,
12073000302,,,,,,,,,,,,,-16021.29," $(16,021.29)",,
42087960600,,3268259,9957858.92,-34956.29,-67537.3,,,,,,,,," $13,123,624.33 ",NCNTY42087N42087,0
24047951700,,,,,,,,,,,,638200,," $638,200.00 ",,
53065950600,,,148982.62,499973.18,52864.75,,,,,,,324822.5,-12178.52," $1,014,464.53 ",METRO44060N53065,
40125500900,,,,690795,,415400,389811.9,332511,375530,395793,1331322.66,572811.25,172336," $4,676,310.81 ",NCNTY40125N40125,0
24003751200,,,,,,,,,,,,87450,94185," $181,635.00 ",,
37183053523,,,,,,,,6884.09,7387.6,20685.88,,,302852.72," $337,810.29 ",METRO39580M39580,
45047970302,,,5100,721458,584765.37,1500480,881900,0,,,,,," $3,693,703.37 ",NCNTY45047N45047,0
16049960200,,,3260904.35,2278532.3,483696.05,678976.77,260040.12,-185,199062.24,1361764.03,277329,1670.5,0," $8,801,790.36 ",,
12031017100,,,,3430410.29,1715772.28,943744,0,,131350.85,1166037.78,-30635.69,0,0," $7,356,679.51 ",,
40031000402,,,,511435.82,1926854.71,527201.16,277041.32,325325.75,-171987.79,-299970.67,,,," $3,095,900.30 ",METRO30020M30020,
48027021800,,,,2867218,17647,,,,,,,,," $2,884,865.00 ",METRO28660M28660,
26009960300,,,,,,,962424.26,578822,645723.9,-129000,41312.25,,," $2,099,282.41 ",,
47081950100,,172679,442339.26,89270,102299,,,,,,,,," $806,587.26 ",METRO34980N47081,
4017965200,,,,241679,211478.09,1033831.29,254107.8,-24966.35,,870862.53,0,585607.26,145991.42," $3,318,591.04 ",,
2195000200,,0,0,0,,79180,170199.7,92348.75,87974,119029,5776,,," $554,507.45 ",,
40037020101,,,,,3686,64060.74,169438.31,150914.13,104712.94,215462.25,239113.77,304730.82,120609.46," $1,372,728.42 ",METRO46140M46140,
1095030702,,,317014,105712.5,0,,,,,,,,," $422,726.50 ",,
26151970600,,21870.1,776617.5,2904888.9,1423116.09,519673.19,0,,,,,,," $5,646,165.78 ",,
6049000300,,,,,,,,,,,77340,,480516," $557,856.00 ",,
2170001001,,,,,,,,,,,,,521113.35," $521,113.35 ",,
6085504601,,,8753,95729.2,32666.84,75374.44,48294.09,105986.47,170400.55,134411.09,156390.85,117005.25,51042.99," $996,054.77 ",,
12133970102,,,,,710000,-203500,,,,,,,," $506,500.00 ",,
23029956200,,474323.25,23498.23,212945,,,,,,,,,," $710,766.48 ",,
13121012300,,1268599.25,944879.39,1930269.69,510647.18,,-150826.64,-205143.82,,,,,," $4,298,425.05 ",,
30029000700,,13050,1087011.22,852164.92,686932.81,300673.6,,,,34606.98,,,," $2,974,439.53 ",NCNTY30029N30029,0
21085950100,,,,,,,,,,,472100,-5000,," $467,100.00 ",,
1093964700,,465513,398727.4,43712.77,925746.99,0,-22788.35,,,,,,," $1,810,911.81 ",,
27061940000,,,434850,24809.54,,,,,,,,,," $459,659.54 ",,
11001004902,,,,,"$1,792,318.49 ","$2,822,372.84 ","$920,255.67 ","$1,561,207.68 ","$2,145,306.13 ","$2,146,130.28 ","$258,174.44 ",,," $11,645,765.53 ",,
20021958500,,13417.56,,316161.2,588174,62280,50388.75,0,,,,,," $1,030,421.51 ",,
51041100820,0,2625776,2323510.75,1871901,2504181.13,3136819.54,2231651.22,1455593.23,,-10300,,,," $16,139,132.87 ",METRO40060M40060,
6001441503,,,,,,,,,,,24798,199629.57,100500," $324,927.57 ",,
6059076204,,62000,0,376790,0,,,,,,,,," $438,790.00 ",,
24031702500,,235155.41,,,,,,,,,0,,," $235,155.41 ",,
21225950300,,90669.84,98418.78,135129.93,794381.7,273322.15,23355.32,,,,-39993,,," $1,375,284.72 ",,
22085000400,,559538,-112996.96,,,,,,,,,,," $446,541.04 ",,
33009961800,,,,,,,,,,,,105637.97,191540.6," $297,178.57 ",NCNTY33009N33009,0
13179010300,,,,,263151,8447305.97,8822349.56,11282569.06,7312336.77,1168369.29,-11350.88,,," $37,284,730.77 ",,
35049010601,,,,,,,55919,,189490,0,,,," $245,409.00 ",METRO42140M42140,
51173030400,,,,,23060,714030.64,146774.83,86084.43,75963.09,45.16,242745.5,-101430,0," $1,187,273.65 ",NCNTY51173N51173,0
8021974900,,,,,,,,,,,,173094.36,121300," $294,394.36 ",,
51059460501,,,,,,,,,,,,348936,0," $348,936.00 ",METRO47900M47900,
26057001000,,,63441,,497732,161434,0,,,,,,," $722,607.00 ",,
51013101603,,,,,,,,,,,346533.6,,," $346,533.60 ",METRO47900M47900,
41023960200,,-0.5,,523108.01,29375,102801.61,129838,20286,,,346146,,," $1,151,554.12 ",NCNTY41023N41023,0
6093000800,,,,,0,,,1145138.97,823962.04,937462.09,339252,,," $3,245,815.10 ",,
17135957700,,,,,,337764.6,0,,,,,,," $337,764.60 ",,
51700032128,176784,1699874.03,1561122.83,3821119.15,5672322.96,3399074.73,3984299.51,3046048.35,3260726.36,1940806.1,465211.1,,," $29,027,389.12 ",METRO47260M47260,
36053030103,,,,,,,83586.9,677098.54,236160.24,8838.12,213190,,," $1,218,873.80 ",,
26003000100,,,,,,,,,44633.14,70007.36,,101904,12234.5," $228,779.00 ",,
2170001201,,,,,,1998432,,,,,,,323956," $2,322,388.00 ",,
21141960400,,2226265.5,925772.85,15279.29,,,,,,,,,," $3,167,317.64 ",,
25009211300,,,,,,,,,,,,,317244.21," $317,244.21 ",,
37075920200,,,,,,,,,699786.75,730830.42,-130571.05,0,0," $1,300,046.12 ",NCNTY37075N37075,0
28043950200,,,307286.5,75.54,,,,,,,,,," $307,362.04 ",,
55013970900,41524.96,417503,1324771,304700,0,,,,,,,,," $2,088,498.96 ",NCNTY55013N55013,0
28139950200,,,,,,1002920.5,2000,,,,,,," $1,004,920.50 ",,
36053030300,,,,,,,,,,,,297000,," $297,000.00 ",,
6093001000,,,,,,,,,,,143726,,," $143,726.00 ",,
6003010000,,,,,,,,569342.32,569342.32,569342.32,284681.16,,," $1,992,708.12 ",,
2170000502,,,,,,,,,,,,275000,-266264.29," $8,735.71 ",,
6073020306,,,281725.07,-1358.63,,,,,,,,,," $280,366.44 ",,
28075010202,,219114,21764.38,234529.05,141394.19,94929.15,,,,,,,," $711,730.77 ",,
13071970500,,0,,,,,-90024.76,,,,,,," $(90,024.76)",,
24031700309,,,,,,,,,,,,,269700," $269,700.00 ",,
6093000300,,,,,,,,,,,156177.08,,216725," $372,902.08 ",,
34005704500,,,3713731.62,282428.01,-1499.72,,,,,,,,," $3,994,659.91 ",METRO37980M37980,
6093000701,,,,,261610.28,6109.9,,,23400,2114,,241014.9,," $534,249.08 ",,
6037575500,,123440.56,91041.28,34615.68,,,,,,,,,," $249,097.52 ",,
38035011400,,,,370817.09,,,,,,,,,," $370,817.09 ",METRO24220M24220,
55009940003,,,,,,1164040.04,1825455.12,1900708.41,439592.87,462030.97,10000,,," $5,801,827.41 ",METRO24580M24580,
6071012700,,436632,226566.2,0,,,,,,,,,," $663,198.20 ",,
24031701211,,383843,,,,,,,,,,,," $383,843.00 ",,
13059001800,,,,,,,,,,,,378633.93,52901.6," $431,535.53 ",,
48141010221,,,,,,,,,,,548906.09,110763.97,," $659,670.06 ",METRO21340M21340,
41063960100,,6084.74,24909.5,305207,-41.6,23060,,,,,,,," $359,219.64 ",NCNTY41063N41063,0
16055001200,,,,,,,,,,,136500,-26500,," $110,000.00 ",,
36045060200,,49200,,1111715,219975,,,,,,,,," $1,380,890.00 ",METRO48060M48060,
13067031207,,,,,,,,,,0,218211.66,,," $218,211.66 ",,
12086003705,,,,,,,,,,,214999,15442,," $230,441.00 ",,
11001005002,,,,,"$1,366,318.92 ","$751,899.52 ","$1,231,581.97 ","$35,995.58 ",,,,,," $3,385,795.99 ",,
24031700904,,23712.05,386993.39,8967762.81,5775270.63,7506359.8,7811957.41,3046437.28,-768843,-7650,,0,," $32,742,000.37 ",,
34003023301,,,57438.4,25128,25884,26664,27480,49200,66073.15,105900.62,53398.8,54980.76,," $492,147.73 ",METRO35620MM0875,
6063000501,,,,,,,,,,87875,111800,,," $199,675.00 ",,
1089010800,,374022.52,141450,61156,754775,145616.5,0,0,,,,,," $1,477,020.02 ",,
11001007200,,,,,"$198,387.24 ",,($155.26),,,,,,," $198,231.98 ",,
27007940002,,197943.98,,,,,,,,,,,," $197,943.98 ",,
2110000300,,,,,0,,,,,,,,9105.84," $9,105.84 ",,
42091206802,,,,,,,,,,,,,730968.77," $730,968.77 ",METRO37980M37980,
39071955100,,,,,,,,,,,,,191971.8," $191,971.80 ",NCNTY39071N39071,0
27011950100,,1313944.5,139920.1,11646.22,,-32492.5,-78052.95,,,,,,," $1,354,965.37 ",,
17131040300,,652641.35,,,,,,,,,,,," $652,641.35 ",,
12057005301,,,,,,,,5253,,29616,,36249,155347.8," $226,465.80 ",,
11001004902,,,,,,,"$58,842.36 ","$1,341,733.79 ","$1,389,108.27 ","$1,036,238.59 ","$184,578.05 ","$19,449.09 ","$10,861.55 "," $4,040,811.70 ",,
17135957600,,448562,1018774.1,1090324.3,1143363.69,1242154.34,22271.86,,8955.6,,,179237.8,," $5,153,643.69 ",,
46085972600,3500,460660,706933.2,1300630,1113432.85,-209880.79,2458,,,,,,," $3,377,733.26 ",NCNTY46085N46085,0
41023960200,,89247,,128868,0,83056,32800,0,,,171570,,," $505,541.00 ",NCNTY41023N41023,0
41033361300,,0,329204.8,1153116.27,65050.56,91777.26,-24534.97,,,,45926.36,,," $1,660,540.28 ",METRO24420M24420,
41033360800,,,297986.05,758406.04,257146,482170.66,916995.02,168627,13633.99,514437.28,310384,,," $3,719,786.04 ",METRO24420M24420,
6011000400,,155017.35,,284581,,307458,0,,,39150,141028.5,-13537.5,," $913,697.35 ",,
45085002000,,,1427710,-107396.4,18514,-109.7,,,,,,,," $1,338,717.90 ",METRO44940M44940,
51193010400,0,833541,522482.46,,,,-7501.65,-1623.81,,,,,," $1,346,898.00 ",NCNTY51193N51193,0
15007040900,,,,,,,,,13656,13656,13656,2276,-3083.25," $40,160.75 ",,
19057000200,,19492.89,255425.89,191484.23,219443.43,17710.44,6244.86,-2747.58,14903.99,,,,," $721,958.15 ",,
6109003200,,,,,,,,162100,275516.4,-24909,-94207.2,,," $318,500.20 ",,
6093000400,,,,,,,,,,251532.82,127455.82,,," $378,988.64 ",,
40113940010,,327373,,226620.01,25815,-22595,17819.48,0,0,,,,," $575,032.49 ",METRO46140M46140,
36045061500,0,-102863.04,,,,,,,,,,,," $(102,863.04)",METRO48060M48060,
24027606803,,155900.21,,,-4.61,,,,,,,,," $155,895.60 ",,
15003008920,,,,0,719365.64,289505,,,,-234045.59,-55459.41,,," $719,365.64 ",,
20191962500,,64387,,116500.35,77527.07,9263.4,7406.28,0,7460.91,,,,," $282,545.01 ",,
20003953600,,159357,2843937.54,-10000,-100092.55,0,,,,,,,," $2,893,201.99 ",,
16055000402,15310,1336490.07,763021.69,444307.13,313846.79,11058.71,3854.55,,-326.84,,,,," $2,887,562.10 ",,
72127006800,,,,,,,,,,,,49038,," $49,038.00 ",METRO41980MM7440,
6063000300,,,,,,,,,,334452.8,94220,,," $428,672.80 ",,
16049940000,,,390794.35,359702.05,78547.27,125582.5,44135,,109852.5,0,71796,-340,," $1,180,069.67 ",,
48141003300,,0,,142393.69,,,,,,,,,," $142,393.69 ",METRO21340M21340,
35013001203,,,,,,,,,,,,70816.16,," $70,816.16 ",METRO29740M29740,
41023960200,,0,0,11388,0,31323,168632,76300,-8720,14453,137808,,," $431,184.00 ",NCNTY41023N41023,0
53015001200,,,43608,24586,0,151317,326638,138610,11166,,,,," $695,925.00 ",METRO31020M31020,
37103920100,,2159420,6376158,11227579.54,2935111,2689212,808164.08,5716220,67755,313784,,,," $32,293,403.62 ",METRO35100N37103,
40125501001,,4532,636909.5,0,,,,,,,,,," $641,441.50 ",NCNTY40125N40125,0
6093001000,,,,,,,,,,289576.82,136977.5,,," $426,554.32 ",,
53059950200,,431805.9,-2137.55,-19713.71,1128032.36,161456.68,0,,16661,,,,," $1,716,104.68 ",METRO38900M38900,
16055000200,,,,133548.61,,,,,,,,,," $133,548.61 ",,
27145000500,,81383,49302.43,,,,,,,,,,," $130,685.43 ",,
16079960200,26918,616538.62,-93348.06,-1229.19,,,,,,,,,," $548,879.37 ",,
35043011000,,,,,,0,1126491.86,1749062.87,533535.97,-271733.41,-91898.7,,," $3,045,458.59 ",METRO10740M10740,
5073470100,,,0,,44917.4,44487.68,69529.65,79657.19,88184.57,461908.92,106804.52,62775.47,0," $958,265.40 ",,
20191962400,,58601,19344,31907,66797.51,,22500,,,,,,," $199,149.51 ",,
27053026103,,,,124768.51,276621.05,,192518,11702.69,91521,0,,560616.48,127451.08," $1,385,198.81 ",,
6001441503,,,,,,,,,,,24798,199629.57,100500," $324,927.57 ",,
11001008701,,,"$118,224.50 ","$66,818.00 ",,,,,"($8,688.31)",,,,," $176,354.19 ",,
6037219902,27244,96344,,,,,,,,,,,," $123,588.00 ",,
1095030500,,121425,242050,0,,,,,,,,,," $363,475.00 ",,
47177930800,,,,,,,,,121202.9,,,,," $121,202.90 ",NCNTY47177N47177,0
51059481900,,,,,,,,,,,,,114810.18," $114,810.18 ",METRO47900M47900,
17031220702,,3902.7,154970.68,202876.32,50000,119293.49,94509.96,85254.88,88614.42,73264.31,40000,-12893.99,0," $899,792.77 ",,
36045060500,,,,,0,451097.36,,,,,,,," $451,097.36 ",METRO48060M48060,
48113980000,,,,,,,,,,,,,869861.55," $869,861.55 ",METRO19100M19100,
41023960200,,,108018,17424,48959.99,,,,,,,,," $174,401.99 ",NCNTY41023N41023,0
2105000300,,,,,,,,,,4795,106187.13,,," $110,982.13 ",,
51067020102,,,106140,,,,,,,,,,," $106,140.00 ",METRO40220N51067,
12113010600,,,,,105934,,,,,,,,," $105,934.00 ",,
39077916600,,,,,113802.1,,4082,,,,,,," $117,884.10 ",NCNTY39077N39077,0
22103040701,,,102606,,,,,,,,,,," $102,606.00 ",,
6073021400,,,,,,75700,72400,62580,-1059.01,0,-11504.26,,," $198,116.73 ",,
13087970300,,,,,,,,,,88850,101409,,," $190,259.00 ",,
15003001300,,45300,38000,24486.25,-6768.71,,,,,,,,," $101,017.54 ",,
42063960600,,54710.3,193849.42,629019.06,739702.55,3860.98,,,,,,,," $1,621,142.31 ",NCNTY42063N42063,0
28075010600,,,,,0,99200,0,0,1375.47,1375.47,,,," $101,950.94 ",,
46085972600,3500,460660,706933.2,1300630,1113432.85,-209880.79,2458,,,,,,," $3,377,733.26 ",NCNTY46085N46085,0
6037920035,,,,,,31994,32368,32714,,,,,," $97,076.00 ",,
40143007503,,,,89908,,,,,,,,,," $89,908.00 ",METRO46140M46140,
11001010100,,,,"$89,434.80 ",,,,,,,,,," $89,434.80 ",,
42053530201,39331,407,,,227490.66,64181.72,,,,,,,," $331,410.38 ",NCNTY42053N42053,0
21197970100,,,,,,,,,,,,41888,1248," $43,136.00 ",,
27021960301,,,,,79600,4230.72,1088000,3115961.13,383962,1561082,1395973.7,407823.85,96404," $8,133,037.40 ",,
51059482202,,,,,,,,,,,,55162.5,0," $55,162.50 ",METRO47900M47900,
6111008201,,,,,,,,,,64161.27,6220.42,12539.14,," $82,920.83 ",,
6031000800,,,,1252810,29235.45,,,,275293.03,,,,," $1,557,338.48 ",,
48029190504,,55481,84906,83638,36600,44562.5,,,,,,,," $305,187.50 ",METRO41700M41700,
51139030300,,,10632.88,,,,,,7592962.56,6859533.78,9937410.63,,," $24,400,539.85 ",NCNTY51139N51139,0
40111000400,,,,,,,,,,,,,20000," $20,000.00 ",METRO46140N40111,
53051970100,,,,,,,265154.1,,,,,,80000," $345,154.10 ",METRO44060N53051,
8041007201,,,,,,,,,,,,,79542.57," $79,542.57 ",,
28075010201,,,,85310.61,89696.7,231248.31,81503.18,745430.8,755030,,,,," $1,988,219.60 ",,
6103000100,,,,,,,,,,,79062.14,,," $79,062.14 ",,
12011031001,,,,,,,,,,,36501.76,55179.91,43551.88," $135,233.55 ",,
40125501001,,,,,,,,,,,,,76640.24," $76,640.24 ",NCNTY40125N40125,0
27035951302,,,,76500,,,,,,,,,," $76,500.00 ",,
51059480202,,,,,,,,,,,,,38000," $38,000.00 ",METRO47900M47900,
28025950500,,,,70873,75703.41,0,63973.68,268476.06,2699.69,,,,," $481,725.84 ",,
39073965400,,,,,28973.18,36351.07,46664.68,,,,,,," $111,988.93 ",METRO18140N39073,
40109103800,,,,,118053,-16291,,,,,,,," $101,762.00 ",METRO36420M36420,
28151000900,,,72035,,,,,,,,,,," $72,035.00 ",,
48277000102,,,45080,48000,72000,,,,,,,,," $165,080.00 ",NCNTY48277N48277,0
33007950900,,,,,14350,4480,11800,27015.66,2538.01,12690.29,,-1217.47,," $71,656.49 ",NCNTY33007N33007,0
36045061100,,33545250.97,38746598.13,13349055.55,16021154.14,11743788.44,0,,,,,,," $113,405,847.23 ",METRO48060M48060,
38103960000,,,70750,,,,,,,,,,," $70,750.00 ",NCNTY38103N38103,0
23027045000,,,,,,68056.2,,,,,,,," $68,056.20 ",,
6073005600,,,415798.84,0,7921.14,15689.72,-0.09,,,,,,," $439,409.61 ",,
28109950100,,,,103727.65,,,,,,,,,," $103,727.65 ",,
33007951100,,,,,,,,,,,,,67392," $67,392.00 ",NCNTY33007N33007,0
6079010504,,66863,,,,,,,,,,,," $66,863.00 ",,
6093000800,,,,,,,,,,101359,66689.5,,," $168,048.50 ",,
6059011602,,,,,,,,,,111882.14,0,,," $111,882.14 ",,
6059074003,,63529,,,,,,,,,,,," $63,529.00 ",,
2090000400,,66506,16685,,,,,,,,,,," $83,191.00 ",,
6037219902,,,,250931,,,,,,,,,," $250,931.00 ",,
36061005400,,,,,,,,,,,,58395.28,," $58,395.28 ",METRO35620MM5600,
6059074003,,,,,1116607.67,31153.1,1038436.86,357000,100000,89000,,,," $2,732,197.63 ",,
45073030601,384500,0,,354034.07,-3000,,,,,,,,," $735,534.07 ",NCNTY45073N45073,0
12033000300,,,,4931022,183451.51,146227,-463424,-46323,,,,,," $4,750,953.51 ",,
24033801214,,,,,,,,,,,,,54906," $54,906.00 ",,
40047001300,,10060,301981.5,15074,10610,0,,0,,,,,," $337,725.50 ",NCNTY40047N40047,0
45057011201,,1363,3590,,,,8547,164010.89,264748.43,407947.96,209176.03,,," $1,059,383.31 ",METRO16740N45057,
19045000900,,,52280.64,10460,,,,,,,,,," $62,740.64 ",,
6093000701,,,,,,,,,,66247.5,,,," $66,247.50 ",,
40143001800,,51994,,,,,,,,,,,," $51,994.00 ",METRO46140M46140,
41023960200,,,,,,,516881,0,0,259445,51984,,," $828,310.00 ",NCNTY41023N41023,0
29189210702,1132657.71,336064.04,-250,,,,,,,,31308.75,,," $1,499,780.50 ",,
21111010405,,,,,,,,,,,25474.26,-100,0," $25,374.26 ",,
13179010206,,,802000,574572.44,36542.42,236957.46,201498.13,279693.81,,,,,," $2,131,264.26 ",,
17179020700,,,,,,,,,,,50228,,," $50,228.00 ",,
6093001000,,,,,,,,,,,48886.02,,," $48,886.02 ",,
19007950400,,,,,,,,,,,48800,,," $48,800.00 ",,
18153050400,7408,98170,-250,319666.05,6753.5,,,,,,,,," $431,747.55 ",,
51041100505,,0,475852.5,450413.27,558957.73,705635.3,643846.02,-16618.94,-140,,,,," $2,817,945.88 ",METRO40060M40060,
25013801402,0,74390,,8814573,802397.23,23121.73,,,,,,,," $9,714,481.96 ",,
27061480100,,,8097.68,4147.28,,,36040,,,,29635.35,0,," $77,920.31 ",,
6035040500,,,,,,,,,,,,0,, $-   ,,
32033970200,,,,,,,,17340,13600,0,17000,17000,11560," $76,500.00 ",NCNTY32033N32033,0
51107611502,,,,,,,,,,,,,667058.8," $667,058.80 ",METRO47900M47900,
28047002800,,,44674,,,,,,,,,,," $44,674.00 ",,
36045060400,0,323065.81,31109.91,13262.96,,-10594.81,,,,,,,," $356,843.87 ",METRO48060M48060,
22101040500,,,68810,,,,,,,,,,," $68,810.00 ",,
2195000200,,0,0,25671,41170,0,,0,,159650,,27254,16731," $270,476.00 ",,
55129950200,,82593,,,,,,,,,,,," $82,593.00 ",NCNTY55129N55129,0
24031701211,,,,,,,,,,,41990.47,-41990.47,, $-   ,,
26009960300,,,,,,,962424.26,578822,645723.9,-129000,41312.25,,," $2,099,282.41 ",,
24031700823,,,,,,,,,,,,41091.27,," $41,091.27 ",,
6009000300,,,2094652.27,1597595.2,535125,78694.62,1991362,196699.96,,,-3081.78,,2287602.33," $8,778,649.60 ",,
34003005000,,,38013.37,,,,,,,,,,," $38,013.37 ",METRO35620MM0875,
11001010100,,"$37,746.21 ","$752,104.34 ","$15,502.27 ",,,"($12,955.32)",,,,,,," $792,397.50 ",,
40037020601,,0,,37122,,,,,,,,,," $37,122.00 ",METRO46140M46140,
51059480202,,,,,,,,,,,,18166,18166," $36,332.00 ",METRO47900M47900,
47139950202,-12798,46734.15,242400,9922,,,,,,,,,," $286,258.15 ",METRO17420M17420,
45017950100,,,89930.95,31339.78,,0,,,,,,,," $121,270.73 ",METRO17900M17900,
6093001200,,,,,,,,,,18750,36250,,," $55,000.00 ",,
6049000300,,,,,,,,,,,77340,,480516," $557,856.00 ",,
39077915500,,3708,,3689,0,10970,-1600,,,,0,,35503.9," $52,270.90 ",NCNTY39077N39077,0
32017950200,,,,35417,,,,,,,,,," $35,417.00 ",NCNTY32017N32017,0
2170000900,,,11160,11700,12295,,,,,,,,," $35,155.00 ",,
2188000200,,,,,,,,,,,,,35100.3," $35,100.30 ",,
4011960100,,,,,,,172527.25,617528.55,645211.92,246231.82,56225,0,," $1,737,724.54 ",,
30029001700,,,,,,,119939.28,271010,86560,25320,34237.05,,," $537,066.33 ",NCNTY30029N30029,0
37075920200,,,,,,,,,,,,0,34143," $34,143.00 ",NCNTY37075N37075,0
6007000903,,,,,,15984772.57,-15950772.57,,,,,,," $34,000.00 ",,
21085950400,,,,,,,,,,33495.75,0,,," $33,495.75 ",,
17121951700,,,,,,32000,,,,,,,," $32,000.00 ",,
37179020312,,,,,,,,,,,,70315.69,," $70,315.69 ",METRO16740M16740,
55003950500,,,,,,,,212668,153060.5,3055.2,30034,,," $398,817.70 ",NCNTY55003N55003,0
47013950400,,,,155974.6,,,,,,,,,," $155,974.60 ",METRO28940N47013,
12011070317,,,261313.67,25078.97,,,,,,,,,," $286,392.64 ",,
6063000100,,,,,,,942593.2,120056.6,,,27050,,," $1,089,699.80 ",,
6037401500,,,,,,,,,,,26415.53,,," $26,415.53 ",,
36045060700,-6320,806420,4828,-8200,,,,,,,,,," $796,728.00 ",METRO48060M48060,
6063000300,,,,,,,,,,5600,25571.92,,," $31,171.92 ",,
26033970500,,,,,20295,5276.7,7764.57,3454,,,,,," $36,790.27 ",,
4013103606,,25149,,,,,,,,,,,," $25,149.00 ",,
42039111800,,,,,25092,,,,,,,,," $25,092.00 ",NCNTY42039N42039,0
4023966000,25000,157830,0,0,0,,,,,,,,," $182,830.00 ",,
6067005204,,,,,,,,,,,25000,,," $25,000.00 ",,
6093000800,,,,,,,,,,214930,24850,,," $239,780.00 ",,
40027202402,,,,,,,,,,,,,24640.51," $24,640.51 ",METRO36420M36420,
37109071102,,,,,,,12020.15,12500.96,,,,,," $24,521.11 ",METRO16740N37109,
40131050103,,,,29.96,12830.6,,,,,,24300,,," $37,160.56 ",METRO46140M46140,
6093000800,,,,,,,,,,55886.93,,,," $55,886.93 ",,
13175950100,,,,47824,0,,,,,,,,," $47,824.00 ",,
6063000202,,,,,,,,,,8932,14616,,," $23,548.00 ",,
51153901209,,,,,,,,,,,,,23501.88," $23,501.88 ",METRO47900M47900,
42009960800,,17447,,22120,18493,,,,,,,,," $58,060.00 ",NCNTY42009N42009,0
2170001202,,,,,,,,,,,,22776.7,," $22,776.70 ",,
51059480202,,,,,,,,,,,,,0, $-   ,METRO47900M47900,
39009973500,,,,,,,,,,,21500,,," $21,500.00 ",NCNTY39009N39009,0
13051000300,,,,,,,,,,,,21245.64,," $21,245.64 ",,
6103000200,,,,,188746,176622.2,,,,45293.45,21137,,," $431,798.65 ",,
37061090502,,21000,,,,,,,,,,,," $21,000.00 ",NCNTY37061N37061,0
47161110200,,,20951.23,,,,,,,,,,," $20,951.23 ",NCNTY47161N47161,0
36047001100,,,,,,,,,,24549,,,-14312.95," $10,236.05 ",METRO35620MM5600,
6063000100,,,,,,,,,,25697.5,20150,,," $45,847.50 ",,
20061000700,,,,,,,,,,,,,19635.89," $19,635.89 ",,
6093000600,,,,,32880,-1577.99,,,,2611.5,19527,,," $53,440.51 ",,
24031702500,,,,,,,,,,,,,19271.33," $19,271.33 ",,
6063000502,,,,,,,,,52125,,19170,,," $71,295.00 ",,
27053026713,,,623334.62,614470.2,0,,,,,-1433.64,,,," $1,236,371.18 ",,
39107967400,,,,17994.73,,,,,,,,,," $17,994.73 ",NCNTY39107N39107,0
55077960300,,,,10846.12,20598,,,,,,,,," $31,444.12 ",NCNTY55077N55077,0
26013000100,,,,,,,,,,,27575.5,6600,36763.68," $70,939.18 ",,
51059430700,,,,,,,,,,,,,3872.4," $3,872.40 ",METRO47900M47900,
32003005846,,,,,,,15130.64,,,,,,," $15,130.64 ",METRO29820M29820,
47013951100,,4440,14768,,,,,,,,,,," $19,208.00 ",METRO28940N47013,
40101000900,,,,,,,,,,130251.61,553144.84,0,," $683,396.45 ",NCNTY40101N40101,0
39031961800,,,,,,,,,,,,,12995," $12,995.00 ",NCNTY39031N39031,0
48201210100,,,186111.22,,,,,,,,,,," $186,111.22 ",METRO26420M26420,
6103000400,,,,,,,,,,,12623,,," $12,623.00 ",,
4019004317,,,,,,,,,,,12342,,," $12,342.00 ",,
2220000100,,,,,,,,,,,,,12179.8," $12,179.80 ",,
12011070102,,,,,,,,,,,12168.96,,," $12,168.96 ",,
55057100200,,,,11725,,,,,,,,,," $11,725.00 ",NCNTY55057N55057,0
13089021208,,,,,,,,,,,,11721.8,," $11,721.80 ",,
40143005805,,,6972,,,,,,,,4743.2,,," $11,715.20 ",METRO46140M46140,
11001006202,,,"$192,211.47 ","$832,790.00 ","$34,735.03 ","$84,948.00 ","$79,080.00 ","$37,440.00 ",,,,,," $1,261,204.50 ",,
35015000700,,164100.45,,,,,,,,,,,," $164,100.45 ",NCNTY35015N35015,0
10005051305,,,,,,,,,,11145.75,,,," $11,145.75 ",,
39041012400,,,,,,,,,,,10484.34,,," $10,484.34 ",METRO18140M18140,
4023966000,,6851717.01,17324947.17,2323981.69,4371516.2,54663.53,-256936.9,,0,,,,," $30,669,888.70 ",,
40131050407,,,9552,,,,,,,,,,," $9,552.00 ",METRO46140M46140,
13179010300,,8990,,,,,,,,,,,," $8,990.00 ",,
18057110806,,,,,,,,,,,,8910.72,," $8,910.72 ",,
51059460400,,224626.37,201728.02,183114.74,100783.26,1110429.12,,-8704,,,,,," $1,811,977.51 ",METRO47900M47900,
33009961800,,,,,,,,,,,,,8463.5," $8,463.50 ",NCNTY33009N33009,0
37157040300,,,,,,,,,58170,8925,8338.56,-27647.28,," $47,786.28 ",METRO24660N37157,
27057070100,,,,,,,,8253.17,,,,,," $8,253.17 ",,
1047956100,,,,,,,,,,17227.14,,,," $17,227.14 ",,
54003971201,,,,,,,,,,,7600.04,,," $7,600.04 ",METRO25180MM0877,
53057951900,,,,3570,3558,,,,,,,,," $7,128.00 ",METRO34580M34580,
29187950902,6978,,,,,,,,,,,,," $6,978.00 ",,
6111002800,,,25700,6319,84370.96,,,,,,,,," $116,389.96 ",,
20073965700,,,6311.6,,,,,,,,,,," $6,311.60 ",,
26151970800,,,,5771,0,,,,,,,,," $5,771.00 ",,
17175951500,,,,,5409,6335.33,,,,,,,," $11,744.33 ",,
39107967700,,,5369,,,,,,,,,,," $5,369.00 ",NCNTY39107N39107,0
20125950600,,,,0,5000,1712085,2500,49111.5,702772.82,-3000,288416,,," $2,756,885.32 ",,
13179010206,807976,410188.62,62971.44,221179.02,264379.45,,,,,,,,," $1,766,694.53 ",,
48029190504,,,,,417172,63724.7,0,,,,,,," $480,896.70 ",METRO41700M41700,
53005010500,,,,4050,,,,,,,,,," $4,050.00 ",METRO28420M28420,
6049000300,,,,,,,,,,,4000,,," $4,000.00 ",,
53033030901,,,,,,,,,,,3743.55,,," $3,743.55 ",METRO42660MM7600,
37017950200,,10939,2414681.22,2077363.83,3459096.87,2529715.82,1813421.79,2633854.96,1312052.88,863817.98,0,,," $17,114,944.35 ",NCNTY37017N37017,0
47137925100,,2508,3654,,,,,,,,,,," $6,162.00 ",NCNTY47137N47137,0
22055001410,,,2873208.74,2764.84,12500.96,0,0,0,,0,,,," $2,888,474.54 ",,
22071007700,,,2268404.83,784333.05,-26466.42,0,0,,,,,,," $3,026,271.46 ",,
48141980000,,,,3000,0,0,0,0,,,,,," $3,000.00 ",METRO21340M21340,
8041004701,,,,,,,,,,,2226.29,,," $2,226.29 ",,
24021740200,,,,,,,,,,,,,, $-   ,,
11001001702,,,,,,,,,,,"$2,000.00 ", $-   ,," $2,000.00 ",,
48029181819,,,,,,,,,115390.8,,-114522.97,,, $867.83 ,METRO41700M41700,
51139030300,,,,,,,,,,,,250,0, $250.00 ,NCNTY51139N51139,0
51059471303,,,,,,,,,,,,,0, $-   ,METRO47900M47900,
51059491501,,,,,,,,,,,,250,, $250.00 ,METRO47900M47900,
42089301002,,200,,,,,,,,,,,, $200.00 ,METRO20700M20700,
2130000200,,1680757,2838153,4244558.74,232847.9,-86753.06,235252,200370,,740238,2903451,790810.74,851054.1," $14,630,739.42 ",,
22101040100,,3000000,3000000,3000000,550000,,,,,,,,," $9,550,000.00 ",,
,,,,344611.08,3167498.79,2963006.87,2380403.26,1760696.13,326594,11033.79,-65.31,,," $10,953,778.61 ",,
47045964200,,,16547649.41,7919646.97,-341864,0,,,,,,,," $24,125,432.38 ",NCNTY47045N47045,0
47031970801,,,,,,8377438.96,13742304,9764530.68,2216214,3088224.9,2478930,,," $39,667,642.54 ",NCNTY47031N47031,0
,,,,,,,,251521.13,1750750.67,-1581649.92,7276219.37,2920.22,0," $7,699,761.47 ",,
29047022100,696141,3806437.88,2142605.71,4722826.27,3841824.94,1928648.87,1617756.55,2882248.15,2799249.97,15216.14,-91686.87,,," $24,361,268.61 ",,
40101001600,,3932430.76,2463173.45,2302511.38,135000,0,423641.8,,,,,,," $9,256,757.39 ",NCNTY40101N40101,0
,,,,,,,,,,,,,2123490.2," $2,123,490.20 ",,
40109103601,,,,,,415189.55,231845.27,3526891,4290536.08,2119809.77,2430213.49,342627.25,," $13,357,112.41 ",METRO36420M36420,
4023966000,,,,,,,,,,286000,740400,2196000,0," $3,222,400.00 ",,
,0,426874,5887706.45,7700410.61,7472177.94,7772504.88,9625949.53,456078,63789,,-482963.38,,," $38,922,527.03 ",,
,,,,13065843,2401806,1397664,,,,,,,," $16,865,313.00 ",,
,,,,,,,,,25000,5816986.23,5588219.82,1296152.92,," $12,726,358.97 ",,
,,,,3574200,3585981,2295045,212210,,,,,,," $9,667,436.00 ",,
55009940003,,,,,,,,,885892.6,851645.6,851645.6,851645.6,851645.6," $4,292,475.00 ",METRO24580M24580,
,,,,,,,,6371648,17024,7585500,705132,0,416940," $15,096,244.00 ",,
,,,,,,,,,,104232,726339.48,1049263.6,603230.8," $2,483,065.88 ",,
,,,,,,,,,1421074,66439,-4482,0,0," $1,483,031.00 ",,
,,,,,,,,54129.04,1909639.05,1945976.48,1986500.48,,," $5,896,245.05 ",,
16079960300,874400,1640503.75,2356616.09,1721021.08,1033708.8,521907.47,-97125.19,,,,,,," $8,051,032.00 ",,
40109108315,3684925,-22890.98,182581.26,36206.31,-5500,,,,,,,,," $3,875,321.59 ",METRO36420M36420,
24019970702,,,,,,,,,,,,384813.8,299930.96," $684,744.76 ",,
21007950100,,309792.66,2462988.87,402255.17,159673.01,745187.8,-22048.19,947250.37,,,,,," $5,005,099.69 ",,
,,,,317351,1219606.05,2086964.98,1172384.57,2440788.78,522046.77,2062528.62,1475388.51,,," $11,297,059.28 ",,
32019960201,,,,-32259.99,,,,,,,,0.01,1550259," $1,517,999.02 ",NCNTY32019N32019,0
26141950500,,,,,,,,,3167720,0,53655.54,60800.72,," $3,282,176.26 ",,
40041375700,543516,654812,278940,1209694.6,1323145.72,1760743.74,2708220.94,2111668.18,1703515.49,2704986.98,220054.28,0,6028.62," $15,225,326.55 ",NCNTY40041N40041,0
40041375700,,,,,,,,,,12148.47,1520904.39,848948.84,249665.43," $2,631,667.13 ",NCNTY40041N40041,0
47027955000,,,0,0,0,1116267.22,1248971.02,931028.96,243627.76,,,,," $3,539,894.96 ",NCNTY47027N47027,0
16079960300,4895,3561699.24,3887968.4,4049547.03,2310327.77,1134891.5,849.75,,,,,,," $14,950,178.69 ",,
16035940000,,,,,,,,0,,1297103.71,0,-1500,," $1,295,603.71 ",,
4001945001,,,,,17197.1,-4494,,200000,1284092.4,1403000,1590000,1416898.6,533938.65," $6,440,632.75 ",,
,,,,,,27057.7,,,1159777.34,3331651.86,175753.67,0,0," $4,694,240.57 ",,
36089490800,,,,,,,,,204381.72,208478.76,212644.68,216903,108451.5," $950,859.66 ",NCNTY36089N36089,0
,,,,,,,,,,,,751982.28,6451.1," $758,433.38 ",,
1075030100,,,2244180,1346.8,-171.47,,,,,,,,," $2,245,355.33 ",,
12099002600,,,,,,,,266598.82,289440,1055646,1345610,0,," $2,957,294.82 ",,
53063014400,,,,627892.35,5596865.06,1639272.63,144133.35,557699.93,-28914.25,-8355.58,0,,," $8,528,593.49 ",METRO44060M44060,
,,,774550,1887141,4878064.98,3054419.67,1505730,224840,82390.92,,,,," $12,407,136.57 ",,
48291700600,,,2650705.67,93136.98,-0.12,,,,,,,,," $2,743,842.53 ",METRO26420M26420,
13109970300,,,,,,,,,,,34723,248448,2410," $285,581.00 ",,
,,,,,,,,,,1428271.32,1713839.7,31853.01,19490.06," $3,193,454.09 ",,
,,,11399900,16099906.55,8739105.74,10638814.7,10216141.06,0,-204466.96,,44520.06,,," $56,933,921.15 ",,
,,,,,,,,,,204500,311531.77,318668.56,0," $834,700.33 ",,
24005408400,,,,,,29881,,,,,,239160,222340.7," $491,381.70 ",,
55003950800,,,,1592832.42,41180.67,11013,34211.56,,,,,,," $1,679,237.65 ",NCNTY55003N55003,0
16079960300,4895,3561699.24,3887968.4,4049547.03,2310327.77,1134891.5,849.75,,,,,,," $14,950,178.69 ",,
,,,,,,,,,,626000,0,,," $626,000.00 ",,
32003005843,,,,,,,,,,1338765.95,176319.67,,," $1,515,085.62 ",METRO29820M29820,
,,,,,,,,,,,,,1991838.75," $1,991,838.75 ",,
,113202.18,-62973.59,,266093,1954709.33,2447882.08,566141.41,32534.04,394901.74,140000,0,,," $5,852,490.19 ",,
,,,,,1430331.89,10782717.26,6461076.17,1193702.11,,-17772.67,-149589.35,,," $19,700,465.41 ",,
,,,,,,,,,,,,,"$998,503.73 "," $998,503.73 ",,
12095018800,,,,,1362874,2914389.49,1340650,154484.67,,21137.41,18679.01,,," $5,812,214.58 ",,
4007000301,,,5573128,-291451.03,10723.02,-21465.09,,,,,,,," $5,270,934.90 ",,
,,,9333.92,897982.8,1142670,316885.92,1997084.76,362461,179796,-9309.36,0,,," $4,896,905.04 ",,
,,,1165773.86,,,,,,,,,,," $1,165,773.86 ",,
29207470800,,0,1104703,93229.61,0,-51591.5,,,,,,,," $1,146,341.11 ",,
,325941,328363.62,110150.96,380328.3,,,,,,,,,," $1,144,783.88 ",,
24019970702,,,,,,,,,,,401280,,," $401,280.00 ",,
40027201404,,,,,,,,,,,,540000,," $540,000.00 ",METRO36420M36420,
6103000200,,,,,,,,,13181.04,2202571.37,817791.37,,," $3,033,543.78 ",,
,,,,587540,12500,1757842.88,482833.34,104951.68,956382.62,1555641.26,215382.56,0,," $5,673,074.34 ",,
53063014400,,,,,,,,,637244.91,2008555.78,0,,," $2,645,800.69 ",METRO44060M44060,
,0,3142773,215042.63,5769868.23,2550297.73,377716.79,0,,,,,,," $12,055,698.38 ",,
40031000502,,,,,,,,270301.6,277483.2,284928,208320.53,291403.43,296596.96," $1,629,033.72 ",METRO30020M30020,
2195000200,-3870,0,366901.98,811486.59,0,0,,139479.16,,,307303,36071,," $1,657,371.73 ",,
,,,,,,,,,,,,442520,," $442,520.00 ",,
,,,,,,,,,,,,418129,-7516," $410,613.00 ",,
40031000403,,,,,,,159789.3,1058005.28,379999.28,-309768.96,248950.47,0,," $1,536,975.37 ",METRO30020M30020,
,,,768802,0,,,,,,,,,," $768,802.00 ",,
,,,,,,,,,,,,250000,0," $250,000.00 ",,
40143007624,,,,,,,,,,,,,711000," $711,000.00 ",METRO46140M46140,
,,,,,,,,,,,239241.5,202532,," $441,773.50 ",,
16049960200,,,,,,,,,,,,1796309.77,7355.16," $1,803,664.93 ",,
,,,,,,,,,,,322669.25,0,0," $322,669.25 ",,
13109970300,8042,647255,24214.08,,,29388.01,,,,,,,," $708,899.09 ",,
40143005805,,,,630000,,,,,,,,,," $630,000.00 ",METRO46140M46140,
21027960100,385115,15534974.6,0,,-76555.85,,,,,,,,," $15,843,533.75 ",,
,286000,11347461,5078976.75,218250.67,,,,,,,,,," $16,930,688.42 ",,
,,594408,,,,,,,,,,,," $594,408.00 ",,
,,,,,,,,-3000,0,-605373.82,,,," $(608,373.82)",,
4001945001,,,,,17197.1,-4494,,200000,1284092.4,1403000,1590000,1416898.6,533938.65," $6,440,632.75 ",,
6089012701,,,,,,,209209,1042064.5,372484.06,512265.27,,,," $2,136,022.83 ",,
,,,39280,,,96140,76640,52790,161816,78188,65874,,," $570,728.00 ",,
,,,,,,,,,,,,,464000," $464,000.00 ",,
,,,,,,,,126917.55,436822.87,103992,108660,,," $776,392.42 ",,
6063000501,,,864752.68,847288.5,2904772.25,194036,2541349.93,2859890.29,616417.13,537139.72,125606.67,,295432," $11,786,685.17 ",,
,,,,,,,,4299035.31,5949878.68,9875906.87,3684679.71,71125,55066.4," $23,935,691.97 ",,
,,,,,,,,359999,98358.95,,,,," $458,357.95 ",,
,,,,,,,,,,,,179354.46,-4801.31," $174,553.15 ",,
40123088800,,,,,,,,,,176316.94,0,,," $176,316.94 ",NCNTY40123N40123,0
54031970100,,,,,,,,,,,,365098,," $365,098.00 ",NCNTY54031N54031,0
51139030200,,,,,,,,,1118356.35,458391.03,119869.36,0,," $1,696,616.74 ",NCNTY51139N51139,0
,0,5770023,1927616.46,-4018,0,,,,,,,,," $7,693,621.46 ",,
50005957400,,,,228920,201906,3675,,,,,,,," $434,501.00 ",NCNTY50005N50005,0
,,,,,,,,,775558,0,306656,0,," $1,082,214.00 ",,
,,,416530.49,3329094.99,761794.76,2096101.13,1708792.46,481604.5,49723.94,,,,," $8,843,642.27 ",,
13121008800,,,173190,118042,,,,,,,,,," $291,232.00 ",,
,,,,,84910,199047,,,,,,,," $283,957.00 ",,
,,308818,117906.5,61384,70930.5,67676,,-42547,,,,,," $584,168.00 ",,
40109108101,,,,,,,,,,,126374.18,211311.52,21187.11," $358,872.81 ",METRO36420M36420,
40143003100,,,,,255842.88,,,,,,,,," $255,842.88 ",METRO46140M46140,
1089001402,,,,2465093.97,4941994.02,0,0,,,-68933.44,,,," $7,338,154.55 ",,
,,,,,,,,,,,,250000,," $250,000.00 ",,
49055979100,,,,,,,,,124098,0,,,-2090," $122,008.00 ",NCNTY49055N49055,0
55087940000,,,,,,,,,,,121638,0,0," $121,638.00 ",METRO11540M11540,
39119911100,,,,106520,131962.25,,,,,,,,," $238,482.25 ",NCNTY39119N39119,0
2220000100,,,,,,,,,,,,,135719.25," $135,719.25 ",,
6021010400,,,,363790.52,87338,48171.14,,,,,,,," $499,299.66 ",,
,,,,,,,,,,,,213100,," $213,100.00 ",,
22029000500,,227691.6,312876,,,,,,,,,,," $540,567.60 ",,
,,,,189036,,,,,,,,,," $189,036.00 ",,
27135970400,,,,17100,17100,17199.6,17299.2,17398.8,17498.4,,-7.21,,0," $103,588.79 ",,
40125500900,,,74750,,,,,,129323.45,260921.35,136880,594462.25,," $1,196,337.05 ",NCNTY40125N40125,0
2240000400,,,,,,,,,,,,107680,107050," $214,730.00 ",,
49055979100,,,,,,,,,,,,,157407.5," $157,407.50 ",NCNTY49055N49055,0
26125181200,,,,,,,,,89899.2,7239.76,,,-17898.12," $79,240.84 ",,
,,,,,,17943.24,,148959.92,,,,,," $166,903.16 ",,
,,,9707,261079.35,131936.2,53516.24,,,,,,,," $456,238.79 ",,
,,34888,47360,89425,-1000,,,,,,,,," $170,673.00 ",,
18151970800,,,,,134920,288090,929447.46,1351818.64,643980.98,0,,,," $3,348,257.08 ",,
,,132148.21,173721.08,72144,72144,43200,21600,,,,,,," $514,957.29 ",,
40027201101,,,,,,,,,,,7403.4,80176.6,," $87,580.00 ",METRO36420M36420,
28099940100,0,1450867,1965057,1573145.1,-183868.98,,,,,,,,," $4,805,200.12 ",,
,,0,0,120664.23,120664.23,120664.23,59172.08,133718.53,51905.76,,,,," $606,789.06 ",,
,,145156,,119482.81,,73176,,,,,,,," $337,814.81 ",,
,117376.49,,,,,,,,,,,,," $117,376.49 ",,
,,0,0,129162.07,,56850,116221,,,,112116,,," $414,349.07 ",,
,,,94369.98,1805421.52,518040.61,547679.24,1183682.03,1976445.01,323837,0,-13104.32,,," $6,436,371.07 ",,
,,,,35151,73944.71,52494.46,52091.86,54003.17,,-637.11,0,,," $267,048.09 ",,
28045030400,,,,,658008.5,379717.21,121069,,,,,,," $1,158,794.71 ",,
,0,,,,,,,,,,,,, $-   ,,
34027045100,,,,86751.37,,,,,,,,,," $86,751.37 ",METRO35620MM5640,
37161960200,,,,,,,,103313.1,,0,104951.58,,0," $208,264.68 ",NCNTY37161N37161,0
1071950400,,,82806.4,,,,,,,,,,," $82,806.40 ",,
,,,1201919.83,861030,307616,1728891,1070023.48,215965,129756,54978.33,79610.25,0,," $5,649,789.89 ",,
,,,,,105343.26,77798.52,0,116683.94,,,,,," $299,825.72 ",,
26095960100,,,,,2238728,144811.11,841436.09,2203256.52,46292.86,,,,," $5,474,524.58 ",,
40117957500,,,,,,,,,,,72800,,," $72,800.00 ",METRO46140N40117,
,,,,,,,,,,,,4315.25,151404.16," $155,719.41 ",,
,,,,,,6120.62,491972.75,619153.39,714424.2,596368.84,341125.07,59478.04,," $2,828,642.91 ",,
37061090702,,,70500,,,,,,,,,,," $70,500.00 ",NCNTY37061N37061,0
27021940001,,,,,,,,,,,65184,,," $65,184.00 ",,
1133965600,,,58012.74,,,,,,,,,,," $58,012.74 ",,
23005011100,,,,,,,,,,,,,54219.38," $54,219.38 ",,
36045060600,,,,0,599184,2914703.07,701728.46,,,,,,," $4,215,615.53 ",METRO48060M48060,
,79700,111238,,,,,,,,,,,," $190,938.00 ",,
33009961601,,,,,,,,,,,13053.57,61407.27,," $74,460.84 ",NCNTY33009N33009,0
6103000100,3914.02,,,,,,,,,54713,51680.75,,," $110,307.77 ",,
29061470200,,,,,51500,,,,,,,,," $51,500.00 ",,
,,,,,,,,,,,,24500,0," $24,500.00 ",,
,,,,,,32000,48900,,,,,,," $80,900.00 ",,
,12060,305944.86,354264.4,21517.15,511427.23,50751.97,37274.09,26947.04,14530.24,44758.94,44870.94,0,0," $1,424,346.86 ",,
26061000400,,152580.35,-14995.35,,,,,,,,,,," $137,585.00 ",,
48037011300,,,,,,,,,,,,24756,5404.07," $30,160.07 ",METRO45500M45500,
39009973700,,,,,,,,,,,35491.24,6238762.59,," $6,274,253.83 ",NCNTY39009N39009,0
21145031500,,,,,,72660.06,-2024.35,,,,,,," $70,635.71 ",,
51193010200,,,,51413.56,,,,,,,,,," $51,413.56 ",NCNTY51193N51193,0
1071950700,,,,24793.5,8270,,,,,0,,,," $33,063.50 ",,
26007000100,,,,30851.5,,,,,,,,,," $30,851.50 ",,
40051000500,,29844.45,,,,,,,,,,,," $29,844.45 ",METRO36420N40051,
,,,,,,,,,,0,0,,, $-   ,,
,,,25493,166745.84,,,,,,,,,," $192,238.84 ",,
,,,,,,43204.46,176817.16,,,,,,," $220,021.62 ",,
55129950600,,,,,43557,-189,,,,,,,," $43,368.00 ",NCNTY55129N55129,0
12051000402,,,23325,,,,,,,,,,," $23,325.00 ",,
37039930400,,22280.56,,,,,,,,,,,," $22,280.56 ",NCNTY37039N37039,0
40041375700,543516,654812,278940,1209694.6,1323145.72,1760743.74,2708220.94,2111668.18,1703515.49,2704986.98,220054.28,0,6028.62," $15,225,326.55 ",NCNTY40041N40041,0
46041941700,20000,0,0,0,0,,,,,,,,," $20,000.00 ",NCNTY46041N46041,0
,,,,,,,,,,,477170.72,102141.89,7787," $587,099.61 ",,
,,,,,,,,279580.25,270800,249578.92,19500,,," $819,459.17 ",,
13001950500,,,,19240,67510,,,,,,,,," $86,750.00 ",,
,,,,,,,,,,,19195,,," $19,195.00 ",,
,,,,,,,,,,,18094,,," $18,094.00 ",,
37039930602,,,,,,,,,,,,,18012.64," $18,012.64 ",NCNTY37039N37039,0
,,,,,17550,,,,,,,,," $17,550.00 ",,
51141030200,,16110,,,,,,,,,,,," $16,110.00 ",NCNTY51141N51141,0
,,,,,,,,,,,,14905.06,," $14,905.06 ",,
,,,,31859,-3967.28,13884,,,,,,,," $41,775.72 ",,
,,,,12846.99,,4750,,,,,,,," $17,596.99 ",,
,,,,12811.04,,16446,,,,,,,," $29,257.04 ",,
54003971300,12771,,,,,,,,,,,,," $12,771.00 ",METRO25180MM0877,
6035040200,,,119769,,,,,,,36129.56,11925,,," $167,823.56 ",,
46127020300,,,,,,,,,,,,,10887.91," $10,887.91 ",METRO43580M43580,
2240000400,,,,,,,516000,1457100,,,10600,,," $1,983,700.00 ",,
,,9498.5,,,,,,,,,,,," $9,498.50 ",,
,,,,,,24912.5,,,,,,,," $24,912.50 ",,
22041950100,,,,,,,2040,,2880,,2550,,," $7,470.00 ",,
37093970201,,,,,,,,,,,,7275,," $7,275.00 ",METRO22180N37093,
,,,,,7123.35,,,,,,,,," $7,123.35 ",,
,,2681,,,6630.08,,,,,,,,," $9,311.08 ",,
,,0,401287.05,312433.88,205411.97,248218.63,222824.85,20517.07,,,,,," $1,410,693.45 ",,
26051000500,,,5779.55,0,,,,,,,,,," $5,779.55 ",,
45067950200,,,5062.5,0,,,,,,,,,," $5,062.50 ",NCNTY45067N45067,0
,,10153.28,4837,,,,,,,,,,," $14,990.28 ",,
,,,59888,,4600,,,,,,,,," $64,488.00 ",,
,,,,,,20731,30478.5,,,,,,," $51,209.50 ",,
28107950600,20000,0,0,0,0,,,,,-12679.52,,,," $7,320.48 ",,
,,3353.95,,,,,,,,,,,," $3,353.95 ",,
,,2998,,,,,,,,,,,," $2,998.00 ",,
,,167970.99,22250,104410.77,105927.35,33952,36000,85644,,15140,,,," $571,295.11 ",,
42129803100,,,,1000,0,,,,,,,,," $1,000.00 ",METRO38300M38300,
16049960400,,,,,,,3341159.64,0,0,0,0,500,0," $3,341,659.64 ",,
,,,,,,,,339260,13825,,500,0,," $353,585.00 ",,